run_id,init_seed,decision_seed
1,71001,90001
2,71001,90038
3,71001,90075
4,71001,90112
5,71001,90149
6,71001,90186
7,71001,90223
8,71001,90260
9,71001,90297
10,71001,90334
11,71001,90371
12,71001,90408
13,71001,90445
14,71001,90482
15,71001,90519
16,71001,90556
17,71001,90593
18,71001,90630
19,71001,90667
20,71001,90704
21,71001,90741
22,71001,90778
23,71001,90815
24,71001,90852
25,71001,90889
26,71001,90926
27,71001,90963
28,71001,91000
29,71001,91037
30,71001,91074
31,71001,91111
32,71001,91148
33,71001,91185
34,71001,91222
35,71001,91259
36,71001,91296
37,71001,91333
38,71001,91370
39,71001,91407
40,71001,91444
41,71001,91481
42,71001,91518
43,71001,91555
44,71001,91592
45,71001,91629
46,71001,91666
47,71001,91703
48,71001,91740
49,71001,91777
50,71001,91814
